id,name,gender,email,phone
1,Abelard Allewell,Male,aallewell0@studiopress.com,7923847318
2,Waring Libbe,Male,wlibbe1@ustream.tv,8752758867
3,Benoite Korneichuk,Female,bkorneichuk2@myspace.com,8891634902
4,Jaquenetta Wasteney,Female,jwasteney3@dell.com,5132194150
5,Baxter Mungin,Male,bmungin4@smh.com.au,2726972965
6,Farah Dent,Female,fdent5@wired.com,4941466571
7,Esteban Irvin,Male,eirvin6@topsy.com,1997654854
8,Olag Mc Caghan,Male,omc7@squidoo.com,3601937173
9,Karisa Hacquard,Female,khacquard8@amazon.de,1222019735
10,Monti Roan,Male,mroan9@instagram.com,3188758397
11,Cati Izzat,Female,cizzata@nih.gov,8626133286
12,Gertrudis Mifflin,Female,gmifflinb@macromedia.com,9388717196
13,Pierette Loveless,Female,plovelessc@sfgate.com,8797529485
14,Alice Softley,Female,asoftleyd@joomla.org,2768158939
15,Corrinne Quincee,Female,cquinceee@youtube.com,7503989118
16,Nancey Blewitt,Female,nblewittf@hibu.com,7822196258
17,Bing Gianolo,Male,bgianolog@redcross.org,9943273216
18,Boniface Riddeough,Male,briddeoughh@nifty.com,5613133605
19,Ernst Frazer,Male,efrazeri@quantcast.com,2853877465
20,Langsdon Shorbrook,Male,lshorbrookj@hao123.com,7919380456
21,Reilly Mantram,Male,rmantramk@un.org,2962134916
22,Xylina Dodgshun,Female,xdodgshunl@cbc.ca,3522611891
23,Smith Benkin,Male,sbenkinm@yandex.ru,4692922142
24,Raeann Brushfield,Female,rbrushfieldn@gravatar.com,6915835589
25,Bertine Oherlihy,Female,boherlihyo@liveinternet.ru,7224243646
26,Kurt Aldham,Male,kaldhamp@harvard.edu,1202914046
27,Inglis Mallia,Male,imalliaq@ehow.com,4344672292
28,Marcile Terrans,Female,mterransr@usatoday.com,2883537510
29,Nonnah Barkly,Female,nbarklys@drupal.org,7304104536
30,Bartholemy Earles,Male,bearlest@icio.us,9728485227
31,Garik Powdrill,Male,gpowdrillu@latimes.com,4205135333
32,Fleurette Martynov,Female,fmartynovv@icio.us,8989291518
33,Ryley Dank,Male,rdankw@moonfruit.com,4458807683
34,Bobby Nance,Male,bnancex@furl.net,3997131842
35,Aurore Errol,Female,aerroly@timesonline.co.uk,9494858191
36,Eleanora Fitzjohn,Female,efitzjohnz@amazon.com,7287238694
37,Elka Foulger,Female,efoulger10@ehow.com,1227677063
38,Lindsay Osburn,Male,losburn11@ehow.com,8056506264
39,Martyn Newing,Male,mnewing12@jimdo.com,8478166141
40,Talbert Shalders,Male,tshalders13@disqus.com,2988870032
41,Gerri Pratton,Male,gpratton14@tinyurl.com,8943467541
42,Johna Danzey,Female,jdanzey15@census.gov,2459905125
43,Dulcinea Edmonson,Female,dedmonson16@ihg.com,5347531977
44,Lee Readwood,Male,lreadwood17@goo.gl,1295198512
45,Chiquia Mussared,Female,cmussared18@sohu.com,1967205031
46,Margaretha Govenlock,Female,mgovenlock19@macromedia.com,7102936963
47,Tabbi Stribbling,Female,tstribbling1a@virginia.edu,6585376215
48,Keelia Royden,Female,kroyden1b@google.nl,7918851026
49,Brander Wason,Male,bwason1c@gizmodo.com,6022346007
50,Donna Hannibal,Female,dhannibal1d@ycombinator.com,3086529315
